n_target,n_actual,seed,model_name,r2,rmse
30,30,0,PGSGv2,0.07615766023343529,2.6508638411822547
30,30,0,PGSGv2-random,0.043264745602857424,2.697642399320159
30,30,0,PLS,-0.7200426309652455,3.6170798447955295
30,30,0,MLP,-1.2202495167410006,4.109503761238621
30,30,0,CNN1D-shallow,0.07332717903969554,2.6549216125119064
60,60,0,PGSGv2,0.15810445498199688,2.530565575779942
60,60,0,PGSGv2-random,0.1683558456516645,2.515111597263826
60,60,0,PLS,0.06956567670647262,2.6603045157144503
60,60,0,MLP,-0.27828117413642106,3.118183625628894
60,60,0,CNN1D-shallow,0.08817486392846674,2.633566385165147
100,100,0,PGSGv2,0.23876804451617106,2.406284622672955
100,100,0,PGSGv2-random,0.2276868434592899,2.4237354042869783
100,100,0,PLS,0.24833953394884156,2.391108837651259
100,100,0,MLP,-0.0835859572839095,2.870913941305191
100,100,0,CNN1D-shallow,0.1804606229261716,2.4967404812962783
200,200,0,PGSGv2,0.4499493050674154,2.045454621138235
200,200,0,PGSGv2-random,0.4926819960664076,1.9643941299263799
200,200,0,PLS,0.4673928525771862,2.0127599641498093
200,200,0,MLP,0.1479733032504803,2.5457461262044663
200,200,0,CNN1D-shallow,0.2889687709000218,2.325588268936482
400,400,0,PGSGv2,0.6360711529210074,1.6637831857040626
400,400,0,PGSGv2-random,0.6360517928793037,1.6638274395242083
400,400,0,PLS,0.5478487666001577,1.8545149986868172
400,400,0,MLP,0.6079788300663418,1.7268048126923596
400,400,0,CNN1D-shallow,0.51087509782928,1.9288496527677006
700,700,0,PGSGv2,0.6910032718173404,1.533082162492756
700,700,0,PGSGv2-random,0.6982470767697407,1.5150055826642588
700,700,0,PLS,0.55951237218416,1.8304393669584842
700,700,0,MLP,0.7019745592701359,1.5056192529699102
700,700,0,CNN1D-shallow,0.4522396793034772,2.0411916107960497
1159,1158,0,PGSGv2,0.7875310251870171,1.2712654714012814
1159,1158,0,PGSGv2-random,0.780979627933242,1.290716156535329
1159,1158,0,PLS,0.5683505213598066,1.8119829236579335
1159,1158,0,MLP,0.7873087503613365,1.2719302659837879
1159,1158,0,CNN1D-shallow,0.653020508827389,1.6245773466738491
30,30,1,PGSGv2,0.07855364484537974,2.647424102520152
30,30,1,PGSGv2-random,0.06110995210239245,2.6723655096472942
30,30,1,PLS,-0.8372848771150898,3.7383222906655025
30,30,1,MLP,-5.708806968312845,7.143501466898284
30,30,1,CNN1D-shallow,-0.9871526355179334,3.887801685404355
60,60,1,PGSGv2,0.23872387872249834,2.4063544265796004
60,60,1,PGSGv2-random,0.25461940160111873,2.381099436799025
60,60,1,PLS,0.16214782918039472,2.5244814846181978
60,60,1,MLP,-4.224670271114151,6.304025102470749
60,60,1,CNN1D-shallow,0.14324725923454285,2.5527967682261483
100,100,1,PGSGv2,0.03678086349417764,2.7067680484208183
100,100,1,PGSGv2-random,0.06853785340085894,2.6617734900408436
100,100,1,PLS,0.33919748043065334,2.2419418052166873
100,100,1,MLP,-0.25615566790115163,3.091079830282309
100,100,1,CNN1D-shallow,0.2129622454251514,2.446731274650541
200,200,1,PGSGv2,0.3347526298926381,2.2494693150659972
200,200,1,PGSGv2-random,0.3891995830000887,2.15545099083236
200,200,1,PLS,0.4330317717569976,2.076671733005098
200,200,1,MLP,0.1167284008327012,2.5920037368851543
200,200,1,CNN1D-shallow,0.20551602566139104,2.458278375631282
400,400,1,PGSGv2,0.6012443917772197,1.7415738386428445
400,400,1,PGSGv2-random,0.5377703750882062,1.8750695381230595
400,400,1,PLS,0.501891048366158,1.9464832169433806
400,400,1,MLP,0.2864767962064718,2.3296599875926285
400,400,1,CNN1D-shallow,0.40007626677498076,2.1361734437176234
700,700,1,PGSGv2,0.6836125967673563,1.551308178766035
700,700,1,PGSGv2-random,0.6691615196331593,1.5863408167647781
700,700,1,PLS,0.5379855043594921,1.8746331432364878
700,700,1,MLP,0.6635382216377589,1.5997656159983178
700,700,1,CNN1D-shallow,0.48220961837581,1.984565693435284
1159,1158,1,PGSGv2,0.778868286270757,1.296922443849297
1159,1158,1,PGSGv2-random,0.7755787069031873,1.3065334118491378
1159,1158,1,PLS,0.5683505213598066,1.8119829236579335
1159,1158,1,MLP,0.6976173416389921,1.5165856087809733
1159,1158,1,CNN1D-shallow,0.7141328354317367,1.4745877685895263
30,30,2,PGSGv2,0.20562342443943282,2.458112214308197
30,30,2,PGSGv2-random,0.2020571273700702,2.463623795146526
30,30,2,PLS,-0.3790459891644411,3.238753273307487
30,30,2,MLP,-1.4882849537460445,4.3504937282011396
30,30,2,CNN1D-shallow,-3.4843690784519916,5.840353907302239
60,60,2,PGSGv2,0.23740279774107398,2.408441455851191
60,60,2,PGSGv2-random,0.19653013741777747,2.4721412761786654
60,60,2,PLS,-0.06385367863569624,2.8446539345538158
60,60,2,MLP,-1.6105990911521473,4.456137482664158
60,60,2,CNN1D-shallow,-0.3430082909651371,3.1961550327786266
100,100,2,PGSGv2,0.33145792629604864,2.2550327951232982
100,100,2,PGSGv2-random,0.3005255480575718,2.3066113170702747
100,100,2,PLS,0.1835689042284131,2.4920012677982957
100,100,2,MLP,-0.12017616801383024,2.9189835971454903
100,100,2,CNN1D-shallow,0.1852339582607766,2.4894588398448847
200,200,2,PGSGv2,0.5070870510577926,1.9363042729209183
200,200,2,PGSGv2-random,0.46503236094987455,2.0172152653308775
200,200,2,PLS,0.45273086689928,2.040276216939043
200,200,2,MLP,0.27597326896426255,2.3467444015958248
200,200,2,CNN1D-shallow,0.3398402081534755,2.2408512307523303
400,400,2,PGSGv2,0.5369691925231588,1.8766938634933938
400,400,2,PGSGv2-random,0.5882545569121181,1.769713202601379
400,400,2,PLS,0.5053174865315919,1.9397768390690713
400,400,2,MLP,0.5600878606552722,1.829243259540574
400,400,2,CNN1D-shallow,0.41970700348653867,2.1009327679264063
700,700,2,PGSGv2,0.7093706481348928,1.4868194264693795
700,700,2,PGSGv2-random,0.6719003903121071,1.5797608507495813
700,700,2,PLS,0.5519539229639894,1.846077077401549
700,700,2,MLP,0.6560625366404614,1.617440197071069
700,700,2,CNN1D-shallow,0.572693211838019,1.802844985172473
1159,1158,2,PGSGv2,0.7692565227601962,1.3248088074839168
1159,1158,2,PGSGv2-random,0.7992597622685637,1.2356791172459298
1159,1158,2,PLS,0.5683505213598066,1.8119829236579335
1159,1158,2,MLP,0.7010514134899044,1.5079493080784587
1159,1158,2,CNN1D-shallow,0.6593398495170532,1.609715615738342
30,30,3,PGSGv2,0.13071961848302394,2.5713928342868084
30,30,3,PGSGv2-random,0.17269379317327882,2.5085434714727546
30,30,3,PLS,-0.2801543027072515,3.120467403577955
30,30,3,MLP,-1.8292831052839702,4.639024789865898
30,30,3,CNN1D-shallow,0.0292624285223555,2.7173113926631345
60,60,3,PGSGv2,0.14107714220833556,2.5560277845061408
60,60,3,PGSGv2-random,0.15586691111546958,2.5339261436687703
60,60,3,PLS,-0.13721875029150143,2.9411047733159212
60,60,3,MLP,-1.3189218523824668,4.199828407272258
60,60,3,CNN1D-shallow,0.1662051499670435,2.5183616333325296
100,100,3,PGSGv2,0.21434385773188713,2.444582763427677
100,100,3,PGSGv2-random,0.31233351334151993,2.287059271571925
100,100,3,PLS,0.3026133947299512,2.303166266428405
100,100,3,MLP,-0.14213999170952274,2.947461624935912
100,100,3,CNN1D-shallow,0.2371276327035453,2.4088759310307637
200,200,3,PGSGv2,0.432602172947843,2.0774583439010126
200,200,3,PGSGv2-random,0.4177960028533121,2.1043892837611824
200,200,3,PLS,0.4532741504170624,2.0392632567664943
200,200,3,MLP,0.10370518201817447,2.611042452056554
200,200,3,CNN1D-shallow,0.20216845922095594,2.463451922338208
400,400,3,PGSGv2,0.5644008653945058,1.820254000951485
400,400,3,PGSGv2-random,0.5902323424653524,1.7654577499712876
400,400,3,PLS,0.5319261165240263,1.8868861433665003
400,400,3,MLP,0.5111043063246546,1.928397661332629
400,400,3,CNN1D-shallow,0.5162995195080892,1.9181243101029037
700,700,3,PGSGv2,0.6782613018364405,1.564372382451586
700,700,3,PGSGv2-random,0.6534237161490688,1.6236331527001746
700,700,3,PLS,0.5528738363185028,1.8441809515029677
700,700,3,MLP,0.6578976872827338,1.6131193295335726
700,700,3,CNN1D-shallow,0.5940255349293533,1.7572673879022687
1159,1158,3,PGSGv2,0.7959704248247016,1.2457619241077098
1159,1158,3,PGSGv2-random,0.8038799658450337,1.2213762486208126
1159,1158,3,PLS,0.5683505213598066,1.8119829236579335
1159,1158,3,MLP,0.76970059435622,1.323533379689342
1159,1158,3,CNN1D-shallow,0.7474421822691109,1.3860180890275362
30,30,4,PGSGv2,0.1491132462682655,2.5440425546820484
30,30,4,PGSGv2-random,0.16586756345066578,2.518871398351198
30,30,4,PLS,-0.24714775301171654,3.079976794920753
30,30,4,MLP,-7.018432673647686,7.809679902288778
30,30,4,CNN1D-shallow,-5.8513290484086005,7.21898107191581
60,60,4,PGSGv2,0.08128288775448533,2.6435004765523886
60,60,4,PGSGv2-random,0.10000524152202983,2.6164261450654434
60,60,4,PLS,-0.19741838244277732,3.0179459026677375
60,60,4,MLP,-2.1961325333876385,4.930612587299022
60,60,4,CNN1D-shallow,-0.035918315387769795,2.807057093617293
100,100,4,PGSGv2,0.09223349832865402,2.6276987010144706
100,100,4,PGSGv2-random,0.14059264372298652,2.556748580903108
100,100,4,PLS,0.1300235607877941,2.572422122222899
100,100,4,MLP,-0.21731177447241046,3.0429120606929696
100,100,4,CNN1D-shallow,0.09495725636193664,2.6237535277139274
200,200,4,PGSGv2,0.4637842646830391,2.0195670076728107
200,200,4,PGSGv2-random,0.4633435440391068,2.0203967875547404
200,200,4,PLS,0.43408257157440255,2.0747464237941817
200,200,4,MLP,0.20824429844062953,2.4540538588595067
200,200,4,CNN1D-shallow,0.4286539301305584,2.0846738195892307
400,400,4,PGSGv2,0.5868805526385565,1.772663530711314
400,400,4,PGSGv2-random,0.5774988115626691,1.7926786968877304
400,400,4,PLS,0.5341832225595566,1.8823312548134006
400,400,4,MLP,0.4475762380270606,2.049862193825973
400,400,4,CNN1D-shallow,0.4443387520532588,2.0558600398357654
700,700,4,PGSGv2,0.7273786596025169,1.4400196373575407
700,700,4,PGSGv2-random,0.6933072687655997,1.5273558467246207
700,700,4,PLS,0.5537548357508955,1.8423632056239556
700,700,4,MLP,0.6847207563989139,1.5485890359905512
700,700,4,CNN1D-shallow,0.5289303800343956,1.892914676813946
1159,1158,4,PGSGv2,0.7550608965440826,1.3649525433887155
1159,1158,4,PGSGv2-random,0.7811529011734782,1.2902054944006782
1159,1158,4,PLS,0.5683505213598066,1.8119829236579335
1159,1158,4,MLP,0.7378258418545574,1.4121584570175794
1159,1158,4,CNN1D-shallow,0.7508766803786149,1.376561697784452
30,30,5,PGSGv2,0.1436487407918592,2.5521985670937326
30,30,5,PGSGv2-random,0.09732386831141215,2.6203208329147105
30,30,5,PLS,-0.33806426491843844,3.1902665942798962
30,30,5,MLP,-2.5988671060549664,5.232044090479964
30,30,5,CNN1D-shallow,-1.5012262149448476,4.361792245654638
60,60,5,PGSGv2,-0.020261255988798466,2.7857631392386097
60,60,5,PGSGv2-random,0.08963529320428165,2.631456507636366
60,60,5,PLS,-0.10187367303564421,2.895038832437405
60,60,5,MLP,-0.5876844906269718,3.47512628516962
60,60,5,CNN1D-shallow,0.1169143989346384,2.5917308122497436
100,100,5,PGSGv2,-0.00804467251539398,2.7690345815446515
100,100,5,PGSGv2-random,0.11842814876855545,2.5895085391280523
100,100,5,PLS,0.19742368012711375,2.4707662536618016
100,100,5,MLP,-0.37808959971308065,3.2376300160994878
100,100,5,CNN1D-shallow,0.1728430794449911,2.5083171296450124
200,200,5,PGSGv2,0.48587706412734477,1.9775249864931244
200,200,5,PGSGv2-random,0.4529733114313198,2.0398242376671027
200,200,5,PLS,0.4048047471694646,2.1277383412644584
200,200,5,MLP,0.23109686649546068,2.4183786802221996
200,200,5,CNN1D-shallow,0.16558111391456232,2.5193038642147965
400,400,5,PGSGv2,0.5484832571740268,1.8532133486125317
400,400,5,PGSGv2-random,0.5655721826845652,1.8178050403883048
400,400,5,PLS,0.5180068194603902,1.9147361509692764
400,400,5,MLP,0.5025317874570313,1.9452308913037453
400,400,5,CNN1D-shallow,0.4481268795208454,2.04884031472442
700,700,5,PGSGv2,0.6751287245473423,1.5719696139809485
700,700,5,PGSGv2-random,0.6864497809275879,1.5443368855993436
700,700,5,PLS,0.5558027845955573,1.8381307737828871
700,700,5,MLP,0.623498923082795,1.6922775830560497
700,700,5,CNN1D-shallow,0.5237904050254774,1.9032137250926913
1159,1158,5,PGSGv2,0.8089987889823917,1.2053316223346329
1159,1158,5,PGSGv2-random,0.8152903500685922,1.1853136419282164
1159,1158,5,PLS,0.5683505213598066,1.8119829236579335
1159,1158,5,MLP,0.7707006284170854,1.3206566496439345
1159,1158,5,CNN1D-shallow,0.7610196394149346,1.3482474147618964
30,30,6,PGSGv2,0.10131831668652214,2.614516790494743
30,30,6,PGSGv2-random,0.13887419054171934,2.5593035151431685
30,30,6,PLS,-1.4044115181133106,4.276543461755379
30,30,6,MLP,-4.6633338056527744,6.563334979659785
30,30,6,CNN1D-shallow,-0.7184268037925627,3.615380483089679
60,60,6,PGSGv2,0.11645536990319916,2.5924043172440343
60,60,6,PGSGv2-random,0.14925528932469256,2.5438302005345026
60,60,6,PLS,-0.2570572946450025,3.0921889684205794
60,60,6,MLP,-1.0902810112403425,3.9874093952197813
60,60,6,CNN1D-shallow,-0.05157767842801042,2.8281938243413904
100,100,6,PGSGv2,0.24661111955117354,2.3938563905932675
100,100,6,PGSGv2-random,0.24997714352904754,2.3885027156150884
100,100,6,PLS,0.24698464561150624,2.3932628866087167
100,100,6,MLP,-0.22023303078499823,3.0465610024426857
100,100,6,CNN1D-shallow,0.16675027279347365,2.5175382648104874
200,200,6,PGSGv2,0.3327132041518549,2.2529147364072224
200,200,6,PGSGv2-random,0.2893423875471568,2.324977189826483
200,200,6,PLS,0.5151000481240754,1.9205011018877192
200,200,6,MLP,0.063296496279441,2.669251912240189
200,200,6,CNN1D-shallow,0.34985954987357004,2.2237813516629874
400,400,6,PGSGv2,0.54102710627251,1.868452273151788
400,400,6,PGSGv2-random,0.42332088842047055,2.0943805716606385
400,400,6,PLS,0.5341412415575437,1.882416073969416
400,400,6,MLP,0.36590401784764337,2.1961701826865676
400,400,6,CNN1D-shallow,0.45128359282837727,2.042972229779129
700,700,6,PGSGv2,0.6870367689328426,1.542890654929387
700,700,6,PGSGv2-random,0.6414392031305161,1.6514669711651102
700,700,6,PLS,0.5518381729470574,1.8463155234729922
700,700,6,MLP,0.6413836708592399,1.6515948520740464
700,700,6,CNN1D-shallow,0.534515875025268,1.881659022732754
1159,1158,6,PGSGv2,0.7974893811004546,1.2411160463584807
1159,1158,6,PGSGv2-random,0.7963295399553447,1.2446651003127067
1159,1158,6,PLS,0.5683505213598066,1.8119829236579335
1159,1158,6,MLP,0.7605009440503734,1.3497097747409847
1159,1158,6,CNN1D-shallow,0.6783467575183684,1.5641646154227504
30,30,7,PGSGv2,0.060308973427607326,2.6735051806132852
30,30,7,PGSGv2-random,0.0040492216228524835,2.752373880691887
30,30,7,PLS,-0.591404663228376,3.4791952628058085
30,30,7,MLP,-1.9181708555075447,4.711333504529458
30,30,7,CNN1D-shallow,-0.3572996783607938,3.2131156930700135
60,60,7,PGSGv2,0.12529517987555872,2.5794032935858184
60,60,7,PGSGv2-random,0.063399181476116,2.6691056011776753
60,60,7,PLS,-0.16650697915040547,2.978737006434644
60,60,7,MLP,-1.352474353764158,4.230102967557235
60,60,7,CNN1D-shallow,0.145393051608406,2.5495979421609465
100,100,7,PGSGv2,0.00762939889087022,2.7474224020744846
100,100,7,PGSGv2-random,0.15946708341334737,2.5285168554791375
100,100,7,PLS,0.22862551115347074,2.422262055162453
100,100,7,MLP,-0.1207471273564642,2.919727412576596
100,100,7,CNN1D-shallow,0.15538469680733924,2.534649797915361
200,200,7,PGSGv2,0.5318611117928793,1.8870171614306726
200,200,7,PGSGv2-random,0.48940380522249105,1.970730677534551
200,200,7,PLS,0.5177301427377223,1.9152856265031328
200,200,7,MLP,0.16665984011733093,2.517674875443699
200,200,7,CNN1D-shallow,0.3629400074092528,2.2012970738102835
400,400,7,PGSGv2,0.6525470058082813,1.625685452544212
400,400,7,PGSGv2-random,0.6165162777101998,1.7078981074132757
400,400,7,PLS,0.5100312828081683,1.9305127156652149
400,400,7,MLP,0.5450846490551342,1.8601749268618686
400,400,7,CNN1D-shallow,0.51229734114065,1.926043323955669
700,700,7,PGSGv2,0.6957374614746334,1.5212925285681278
700,700,7,PGSGv2-random,0.7062571579144415,1.4947623022001222
700,700,7,PLS,0.5619529987003957,1.82536133073754
700,700,7,MLP,0.6875786372469656,1.5415543865236532
700,700,7,CNN1D-shallow,0.5426644706380874,1.8651164873122454
1159,1158,7,PGSGv2,0.8065702543645635,1.2129701697918485
1159,1158,7,PGSGv2-random,0.79755281268079,1.2409216562609486
1159,1158,7,PLS,0.5683505213598066,1.8119829236579335
1159,1158,7,MLP,0.7957951270671786,1.2462969749330128
1159,1158,7,CNN1D-shallow,0.5282597452039538,1.894261614685175
30,30,8,PGSGv2,-0.1879355795983555,3.0059720294589836
30,30,8,PGSGv2-random,-0.05994135900900832,2.8394185124284226
30,30,8,PLS,-0.29812802136934535,3.1422971572174894
30,30,8,MLP,-1.4049467831605358,4.2770194528320244
30,30,8,CNN1D-shallow,-0.007830903422324953,2.7687409609281826
60,60,8,PGSGv2,0.16560285562149957,2.5192710423767375
60,60,8,PGSGv2-random,0.17200511383139794,2.5095873550294194
60,60,8,PLS,-0.16185824929641401,2.972795692981991
60,60,8,MLP,-0.8482798046283844,3.749491291599443
60,60,8,CNN1D-shallow,-0.19808890070977236,3.018790763861794
100,100,8,PGSGv2,0.1240466906815747,2.5812434622685285
100,100,8,PGSGv2-random,0.14067717373455335,2.556622838843677
100,100,8,PLS,0.32102706156848326,2.272556674394599
100,100,8,MLP,-0.3984334535028067,3.261439993923728
100,100,8,CNN1D-shallow,0.07676889487580274,2.649986760842099
200,200,8,PGSGv2,0.46414984271495097,2.018878445992954
200,200,8,PGSGv2-random,0.35227359970046834,2.2196489279973517
200,200,8,PLS,0.46675683843141047,2.013961376740433
200,200,8,MLP,0.11611466357387701,2.5929041015205363
200,200,8,CNN1D-shallow,0.29692724023964845,2.312536659007485
400,400,8,PGSGv2,0.5154417721527202,1.9198242642872694
400,400,8,PGSGv2-random,0.5523699147341126,1.8452198762716947
400,400,8,PLS,0.5413148167985744,1.8678665548385138
400,400,8,MLP,0.5162970496367802,1.9181292072596607
400,400,8,CNN1D-shallow,0.47155955930147353,2.0048713660296027
700,700,8,PGSGv2,0.7261967749792166,1.4431376919941665
700,700,8,PGSGv2-random,0.7323445092788957,1.4268442474824616
700,700,8,PLS,0.5722868297964661,1.8037020622620341
700,700,8,MLP,0.6252218718112315,1.6884010325398222
700,700,8,CNN1D-shallow,0.5085805461091805,1.9333686077902401
1159,1158,8,PGSGv2,0.7620443726992998,1.3453537078695248
1159,1158,8,PGSGv2-random,0.7615333342019881,1.3467975879822347
1159,1158,8,PLS,0.5683505213598066,1.8119829236579335
1159,1158,8,MLP,0.7421384559136703,1.4004956996670466
1159,1158,8,CNN1D-shallow,0.6976037384432257,1.5166197214827835
30,30,9,PGSGv2,0.0785737421271906,2.6473952314317373
30,30,9,PGSGv2-random,-0.09322565343347056,2.883655644345622
30,30,9,PLS,-0.2092761582195779,3.032852123730039
30,30,9,MLP,-2.6083372567820637,5.23892343498961
30,30,9,CNN1D-shallow,-0.1547729257003918,2.9637173781083836
60,60,9,PGSGv2,0.005383285259113135,2.7505298777510916
60,60,9,PGSGv2-random,0.02933460614508676,2.717210370137502
60,60,9,PLS,0.0549740579574034,2.6810835958866104
60,60,9,MLP,-0.555273434758899,3.43947270375128
60,60,9,CNN1D-shallow,0.09866675942526115,2.6183710110877776
100,100,9,PGSGv2,0.2998897917330816,2.307659325089508
100,100,9,PGSGv2-random,0.32809516861272436,2.260697073636139
100,100,9,PLS,0.2948113057660984,2.316013895134257
100,100,9,MLP,-0.09301353523910261,2.8833758734217385
100,100,9,CNN1D-shallow,0.18038244521260238,2.4968595633153945
200,200,9,PGSGv2,0.46717297863003426,2.0131753808553356
200,200,9,PGSGv2-random,0.38919195827966346,2.1554644442120967
200,200,9,PLS,0.46630931606451853,2.014806304350143
200,200,9,MLP,0.19444009911122206,2.475354535611357
200,200,9,CNN1D-shallow,0.3212054217551231,2.272258164518478
400,400,9,PGSGv2,0.6455908516123632,1.6418782586814276
400,400,9,PGSGv2-random,0.6266679806660904,1.685140474706711
400,400,9,PLS,0.5367009523556022,1.8772373821773036
400,400,9,MLP,0.4785636705910764,1.9915404564311363
400,400,9,CNN1D-shallow,0.5209746158291966,1.908832207090998
700,700,9,PGSGv2,0.6825359081116879,1.5539455424798765
700,700,9,PGSGv2-random,0.614622341652336,1.7121103668377402
700,700,9,PLS,0.5624837992678111,1.824255060724744
700,700,9,MLP,0.5850957598324178,1.776488607612798
700,700,9,CNN1D-shallow,0.4829774243383932,1.983093739992723
1159,1158,9,PGSGv2,0.8021367893670996,1.2267922284189359
1159,1158,9,PGSGv2-random,0.8011833316666148,1.2297444921457277
1159,1158,9,PLS,0.5683505213598066,1.8119829236579335
1159,1158,9,MLP,0.7239686638752427,1.4489976595201555
1159,1158,9,CNN1D-shallow,0.7091219967020685,1.4874553235955774
